label,f1,f2,f3,f4,f5,f6,f7,f8,f9,f10,f11,f12,f13,f14,f15,f16,f17,f18,f19,f20,f21,f22,f23,f24,f25,f26,f27,f28,f29
1,-0.19148808041165705,-0.035492939370962005,0.7462942336522802,-0.5414416831723154,-0.2425356250363331,-0.35561221265209486,0.6408835391440096,-0.2106459298921055,-0.4672005096174292,-0.19930404022917586,-0.24691238298762214,0.5804176715082706,0.05759029964651007,-0.6879214542191944,-0.4311545776906672,1.3275033646025132,0.06825507393456288,-0.8907925761876266,0.34500075078988096,0.5027190582503271,0.5534646886946193,1.0153624552263736,1.105310860664475,2.228666979437445,-0.9504733494955309,0.5212112285497983,-0.22008273297415934,-0.19795750294633743,0.6090625353444062
1,-0.19148808041165705,-0.2501014099860805,0.6900004875793712,0.38470856435927675,-0.2425356250363331,-0.35561221265209486,0.8824225614344656,-0.006926461911345896,-0.20706659557654433,-0.19930404022917586,-0.29967143918155853,0.13908610480062444,0.6017582057406042,-0.6365629378367865,0.6337565062537478,-0.8627785584972635,-0.15004860673353224,0.3042493641193134,-0.1890022592124913,0.3235989181372387,-0.01882604380338517,0.46591512515594274,0.33676540032636904,-0.07111161845057339,-0.02495890690642602,-0.3733451218254281,-0.19434870996198755,-0.44202928876010406,0.19819149219806437
1,-0.19148808041165705,0.13784467151047988,0.7382522699275789,-0.4905543069343159,-0.2425356250363331,-0.35561221265209486,0.5164543458428658,-0.3736215042767132,0.3999125371855204,-0.19930404022917586,0.7555096846971687,-0.021429079304542596,-0.576022465214404,-0.008254717098973798,-0.4102926297514239,-0.11789804111619888,0.5724301633392267,-0.07398060832327409,-0.06547537449707842,0.1834010827293214,0.9913724564564111,0.4946655525585014,0.4790882197183591,0.23133520496063617,-1.0535676615788525,0.29259974521244203,-0.33800239373013186,-0.3195210987619233,-0.8258219260456108
1,-0.19148808041165705,0.37721565796580436,0.8508397620733971,-0.358247128715517,-0.2425356250363331,-0.35561221265209486,1.1678777695959135,0.033817431684806026,-0.5192272924256062,-0.19930404022917586,-0.03587615821187671,0.7359965212936646,-0.25201880360440526,-0.799183615381225,1.0810752874873806,1.402972068915741,-0.3729809548163154,-2.364732938465691,-0.24631754180339613,1.3516096875798607,0.4525418121266367,1.3828141188635708,1.5509467571963478,1.1399295839113626,-0.18901133986853585,0.30561932967195493,-0.6935074013665063,-0.5478828651813096,0.04942048252015042
1,-0.19148808041165705,-0.06850962715790332,1.196644202235553,-0.14452014851591882,-0.2425356250363331,-0.35561221265209486,0.8458257398753056,-0.3125056638824853,0.7120732340345822,-0.19930404022917586,-0.03587615821187671,0.761338894845704,0.11667125091962727,-0.18839413125078344,0.003987672571303087,0.42276255349591757,0.1531697175050032,-0.7132468354092057,-0.31866583939880766,-0.2792027366612318,0.3084233274940589,1.3545763806468725,1.451509271811523,1.423062314640751,-0.4885853478863006,0.131039382299609,-0.3020183447798693,-0.13804587264954077,-1.176451902317303
1,-0.19148808041165705,-0.1262888307850506,0.18335677292318925,0.2829338118832776,-0.2425356250363331,-0.35561221265209486,1.0946841264775935,-0.8625482274305363,-0.987468337699199,-0.19930404022917586,-0.14139427059974943,0.6184933554884955,0.3047899229688446,-1.385397529004087,0.9524143863691346,-0.032940382023495335,-0.020462891219659923,-0.16030384844109424,-0.8728266373897657,0.02376143435227873,1.2597715622094896,-0.09925081847495727,0.07413093018520257,-0.41042627752307176,-0.06537762227390266,-0.3182277842468727,-1.3473051526327335,-0.290476770803926,0.6090625353444062
1,-0.19148808041165705,-0.20057637830566855,1.011679036567423,-0.17505257425871856,-0.2425356250363331,-0.35561221265209486,0.3041927807997378,-0.14953008949787763,1.128287496499998,-0.19930404022917586,-0.14139427059974943,0.5726078547056979,0.3776570313400853,0.3159332876775892,-0.22830976261452282,0.6038076997206459,1.0235929580965082,-0.7422541344957433,0.12151855363634567,-0.3367576424153687,0.4455325071583734,0.08812230220094473,0.09432955826502179,-0.48797692250475094,-0.8102232193517233,0.33885282450278525,0.29114028986570667,-0.3458855568556686,0.25847644944489256
1,-0.19148808041165705,0.6578575041548055,0.43265764838892956,0.018319455445679818,-0.2425356250363331,-0.35561221265209486,1.2264326840905695,-0.1699020362959536,-0.15503981276836734,-0.19930404022917586,-0.7745029449269857,0.7683855054642112,-0.6839096970054012,-0.8698486789308217,1.2569359491089576,-0.6916965484507754,-0.32178430265661556,-0.24932919781056212,-0.7165407758938837,0.37775107352161647,-0.03495487653107559,0.9556412322178319,1.015540328584845,1.4014594469262658,0.30057258752034804,-0.24689568935138606,0.12596095014165853,-0.23191039162294091,-1.2204948700922178
1,-0.19148808041165705,0.10482798372353856,0.8025879797251894,-0.5210867326771156,-0.2425356250363331,-0.35561221265209486,0.42862197410088176,-0.5162251318632449,0.7467577559067002,-0.19930404022917586,-1.1965753944784765,0.7448897577994131,-0.38677336695594133,0.07074109119427281,-0.15518999592268756,1.3162479268840424,1.212366063555463,-0.7870850568971861,-0.6000373125420861,0.9790833007966755,1.0006476617865623,0.4803552280900189,0.6051960352048186,1.7012198189740342,-0.9863582442018358,-0.09185208880153349,0.6235721335913388,-0.14109560224496878,-0.8315281847819962
1,-0.19148808041165705,0.5010282371668343,0.43265764838892956,-0.4294894554487164,-0.2425356250363331,-0.35561221265209486,0.5530511674020258,-0.5162251318632449,0.6427041902903463,-0.19930404022917586,-0.8272620011209221,0.7285023600010627,-0.7846974466613368,0.23553745719720356,0.6196410947451811,0.49686678171111953,0.44758933462160466,-1.0367126289121267,-0.6106030797718119,0.872787743471195,1.0534991335602466,0.20367910386203536,0.2044145067383044,-0.052464176556022306,-0.4367639937296802,0.09559452447659685,-0.5058667683512633,-0.42154577637606805,0.34075660739118746
1,-0.19148808041165705,-0.8113851023640828,0.04664338960326717,0.6493229207968745,-0.2425356250363331,0.09811947813207725,0.06997312282111391,-0.10878619590172571,-0.5885963361698421,-0.19930404022917586,1.1248230780547233,-1.0641756795419315,1.3593773873165014,-0.8524439815973375,0.25995620372509626,-2.2098314518156688,0.8182920574833253,0.6557489465295606,-0.2696887987884052,-1.4617352399292316,-0.16874806194933004,-1.3730675762065456,-1.129433439755424,-0.3738960840195279,0.40852686213581474,0.34123552022627196,0.33855310825066165,2.593491577546369,-0.2598800737542285
1,-0.19148808041165705,0.3524531421255984,0.9071335081463062,-0.4294894554487164,-0.2425356250363331,-0.35561221265209486,0.9190193829936255,-0.33287761068056126,0.3305434934412844,-0.19930404022917586,-1.4603706754481585,1.5513851380580113,-0.3360490552932345,-0.4481928149656224,0.0012685010771213356,0.7963520313367913,0.11484131255173273,-0.5780266327888246,0.23232959644625087,0.16378732119967102,0.38678152848845565,1.1941599176906699,1.4257932989413928,2.072242401012172,-0.7118157965609722,-0.050851015482887445,-0.12861827389270478,-0.3759251477262851,0.06840766166588708
1,-0.19148808041165705,-0.060255455211167985,0.47286746701243604,0.17098158415967854,-0.2425356250363331,2.8772260841851316,0.39202515254172177,-0.3736215042767132,-1.1435486861237298,-0.19930404022917586,-1.1438163382845403,0.5274363513217875,0.26191765845391296,-1.5471667579912183,1.10537516711821,-0.05924213293824573,0.3229925428698658,-0.7908205108627279,-1.2494594535589985,1.5421762339111116,1.091100370956749,-0.05787076198011937,-0.2172099727565916,-0.4812500911913185,-0.1884533383958754,-0.17185947894114975,-0.24096024515626047,-0.5065992891722609,-0.8711106658959675
1,-0.19148808041165705,0.08006546788333259,0.41657372093952694,-0.32771470297271726,-0.2425356250363331,-0.35561221265209486,0.9556162045527855,-0.6792007062478527,-0.9180992939549629,-0.19930404022917586,-0.668984832539113,1.0234948601927771,-0.3726981214945543,-1.1971158465768066,0.12344103165348126,0.5837021185277443,0.1472537309018125,-0.5863117623931058,-0.25557783411631196,-0.18605868206835724,1.411617140293694,0.3683294286413185,0.341206272341078,0.10170998818362448,-0.38278341648320113,0.07074220376188099,-1.6245812881008834,-0.3764266288328498,-0.6422264578097868
1,-0.19148808041165705,0.10482798372353856,0.36027997486661784,-0.09363277227791923,5.820855000871994,1.8846880105947552,0.38470578822988977,-0.027298408709421858,-1.0741796423794938,-0.19930404022917586,-1.0382982258966675,0.8706057023522284,-0.22881602327742698,-1.3639753918027988,1.0614723091957878,0.4831701724034129,0.3110622946840345,0.9491141750558012,1.0454781643096005,2.7283580902610334,0.6193918158155584,-0.049228287132762526,-0.05346990073591326,-0.08980383008424289,1.029125116378852,-2.380634335643883,-1.7830320512594062,-0.3115570889675101,-0.7855096399058787
1,-0.19148808041165705,0.5257907530070403,1.1483924198873452,-0.4294894554487164,-0.2425356250363331,4.266779387211659,0.06265375850928191,-0.39399345107478917,0.46928158092975636,-0.19930404022917586,-0.6162257763451766,0.5462025609946755,-0.8061369093009243,-1.0754111144458567,0.45070063931704407,0.8343234861876859,2.1734630606498775,-1.205812508826992,-1.4928630855467566,0.9417251703155056,2.2325237483185876,0.28463388275112594,0.08405919810030553,-0.4207970140292328,-0.8802381115012833,0.10967331867072809,-0.04552361449204517,-0.5047816676384803,-1.3569066571765316
1,-0.19148808041165705,0.25340307876477447,1.2931477669319686,0.10991673267407905,-0.2425356250363331,-0.35561221265209486,1.2557101413378975,-0.1699020362959536,0.9375226262033491,-0.19930404022917586,-1.5131297316420949,1.4416392317830868,0.24727713519652045,-0.3500263923900362,1.7948127804180412,1.2496923103224564,0.9137672993937143,-2.8085292570701044,-1.5554466673239964,0.6666962636982267,1.26524072970713,0.5439813694840969,0.5288297404397224,-0.29635934613871795,-0.12404007928948224,0.1979701449998898,-0.0894493579414886,-0.6121130697976161,-0.4472924733100978
1,-0.19148808041165705,-0.24184723803934519,0.3361540836925139,0.2931112871308775,-0.2425356250363331,-0.35561221265209486,0.5457318030901938,-0.39399345107478917,0.01838279659222257,-0.19930404022917586,-0.668984832539113,1.3146794404231574,0.5573617642368768,-0.07597549315519454,0.6306737580961793,-0.009128162677089624,-0.2726904953247743,-0.36538782855288965,-0.8651497834684833,0.2320470777253296,0.35179662811768586,0.5716807198088771,0.4218683346401593,-0.1347822424697775,0.08440938173497999,-0.14111516488119702,-0.4909203082262092,-0.2976019234760844,0.5639794678194912
1,-0.19148808041165705,-0.26660975387955116,0.9312593993204101,-0.2768273267347177,-0.2425356250363331,-0.29889575130407336,0.5750092603375218,-0.4347373446709411,0.2091476668888715,-0.19930404022917586,-0.4051895515694312,0.37028159059022553,0.30082877923183504,-0.6068487346209864,-0.4629061890665688,0.8775116434632247,1.5773724734579186,-0.6417295018748661,-0.18725324991082076,-0.9231298103299809,1.4718855139725922,0.03307438888907816,-0.07692979420153434,-0.3664456606850261,-1.1717635335177434,0.46311654391634466,-0.16226402316036848,-0.405277081071333,0.45398662266771717
1,-0.19148808041165705,0.4102323457527457,1.2046861659602544,-0.03256792079231975,3.395498750508663,-0.35561221265209486,1.3435425130798815,-0.41436539787286514,0.8334690605869952,-0.08160480387336334,-1.6714069002239038,1.6221699932937839,-0.013821433098482671,-0.508258400779892,1.0574536962423602,1.1598588246872297,1.2254600100829776,-0.12376971833242728,-0.28658616178454166,0.8720244719870117,1.979671030861114,1.0272429670370578,1.1642682031732017,1.3530445787902494,-0.1468842953548089,-2.2756974112784305,-3.313113402597113,-0.5324853640609721,-0.4313822133953483
1,-0.19148808041165705,0.5257907530070403,0.9151754718710075,-0.1343426732683189,0.9701425001453324,-0.35561221265209486,1.5484847138111772,-0.2106459298921055,-0.3631469440010752,-0.19930404022917586,-0.9327801135087949,1.6720270876957564,-0.44816407637991634,-1.130320097312032,1.3439125790111177,0.8737775212528686,-0.1201365610808764,-1.2777045477984703,-1.1163714396892037,0.16281096890640245,0.8020239852029257,1.238961756897151,1.495711724252002,1.5758625913226807,1.9622989531876975,-2.1447355408049185,-0.7671251788273536,-0.4253417515076138,-0.2442647979687725
1,-0.19148808041165705,-0.2996264416664925,0.44874157583833213,0.0793843069312793,-0.2425356250363331,0.8070752449823462,0.7287159108859936,1.541341494742427,-3.016512867218101,-0.19930404022917586,0.17516006656386873,0.39089328485389163,0.6094097148506356,-1.7112245637226817,0.34324497298100465,0.31107612620409736,-0.6705045977022588,-0.6730487118536004,-0.0701832985698691,-0.2278419774855411,-0.1996082663335147,0.4745229067501211,0.5150252003571453,-0.00937681836965135,0.1204208914095893,-0.015280959176407457,-0.42592093144491994,-0.18742148682148657,-0.6299177601795084
1,-0.19148808041165705,-0.04374711131769733,0.6900004875793712,0.018319455445679818,-0.2425356250363331,1.998120933290798,0.5237737101546978,-0.39399345107478917,-0.6579653799140781,-0.19930404022917586,-0.9855391697027311,0.9492482420251785,0.031571523009248224,-1.3331386320227678,0.5129762951319687,-0.08157493873917177,0.6417088285283851,-0.563425295758228,-0.973142105603755,0.17062172137640413,1.3519251319474732,0.2592075829771894,0.2254297693375458,-0.11466474213357783,-0.32353433489746536,0.0581264758224721,-0.366602361226186,-0.6067732015970955,-0.9484250875481001
1,-0.19148808041165705,-0.2501014099860805,0.8106299434498906,0.5170157425780756,-0.2425356250363331,3.160808390925239,0.28223468786424183,-0.4551092914690171,-0.06832850808807239,-0.19930404022917586,-0.9855391697027311,0.1656024158587693,0.8637189756567044,-1.1795766959922616,1.4558436875011327,-0.8164562631160429,1.1136302745255224,-0.6217669870533572,-1.725973701909099,1.102534425965794,1.3319074466229275,-0.27638685959259407,-0.6137955984734559,-0.5536500800436869,-0.2849665365067504,-0.2503948447258825,-0.03838340163823267,-0.5519400299168301,-1.1516186276680074
1,-0.19148808041165705,-0.3078806136132278,0.9071335081463062,-0.4193119802011165,-0.2425356250363331,-0.35561221265209486,0.27491532355240983,-0.25138982348825745,0.4172547981215794,-0.19930404022917586,0.06964195417599602,0.728231705070107,0.1791917045986084,-0.19685414152160607,-0.8124402369662626,0.8612296339010264,0.8358642682820078,-0.33853574770606215,0.10243965210455507,-1.0908276444859681,0.37343023881860665,0.2191587194561638,0.11005588908648696,-0.5223317561646401,-1.1320338286643348,0.34449585897959706,-0.1408921527556337,-0.4745357355141903,0.6166382177237019
0,-0.19148808041165705,-0.035492939370962005,-0.2348253407612783,0.04885188118847956,-0.2425356250363331,-0.35561221265209486,0.19440231612225786,0.4616283144444012,-1.091521903315553,-0.19930404022917586,0.9137868532789778,-0.45091073458645264,0.015056258556722121,0.01699281174498155,0.9531495303429156,-0.31248056555791026,-2.120858305736895,-0.007843253504859366,0.32807089688162444,-0.4419573788308422,-1.2965387656033145,0.5991693407439804,0.48916855206747634,-0.4346132403386003,1.5745523144741407,-0.37121186418717445,0.05627737157486389,-0.3077580341157603,1.1327185658075132
0,-0.19148808041165705,-0.9021809937781714,-1.143567241652525,-0.05292287128751958,-0.2425356250363331,-0.35561221265209486,-2.850453237599853,3.5785361745500235,-0.4845427705534882,-0.19930404022917586,-0.03587615821187671,-0.323754622713113,1.0419166422317758,1.3983267812589333,-1.0504494034957814,-0.16309058511124758,-2.1149801191535773,0.8874402492069564,1.2930971952780879,-0.46529759940608584,-1.448284181212847,-0.8722653268335927,-0.9391970364653743,-0.6886696609856429,0.2805778994568673,-0.2669854623834273,0.5078115767413905,-0.18140664660957123,0.05152415826573494
0,-0.11300935893146972,-0.34915147334690444,-1.1516092053772264,-0.5516191584199154,-0.2425356250363331,-0.35561221265209486,-3.0041598881483247,3.2933289193769597,0.43459705905763835,-0.19930404022917586,1.4941364714122778,-1.2151763211672726,-0.3945137068736345,2.179618151518568,-1.0685937418434042,-0.8923810508666614,-2.060079594734617,1.201409627416463,1.7888909194302847,-1.0800159003853125,-1.6590974628326176,-1.0717065598744033,-1.3205300827267994,-0.8596336460911668,3.2622637686300346,1.577498498154568,0.812108055846162,-0.21655754644556263,1.7674733767306623
0,-0.19148808041165705,-0.1840680344121979,0.3683219385913191,-0.04274539603991967,-0.2425356250363331,-0.35561221265209486,0.28223468786424183,-0.41436539787286514,0.27851671063310746,-0.19930404022917586,0.06964195417599602,-0.9764687324491849,-0.18704249107270765,-0.23279832145231752,0.16153481402918832,-0.500623015718817,-0.020383991139423834,0.9205189299230816,-0.8251970091009195,0.5196332527920181,-0.4666978943284066,-0.025044519796737677,-0.3069294651787578,-0.6307261702409832,0.13660788313201513,-0.6551943395317058,0.5888313959594025,0.577653385297296,-0.5800940221061376
0,-0.19148808041165705,-0.2501014099860805,0.11097909940087756,-0.04274539603991967,-0.2425356250363331,-0.35561221265209486,-1.0718477098246777,2.050640164694326,0.6947309730985233,-0.19930404022917586,1.388618359024405,-1.280238982525516,0.1773597196073734,0.9693320410782053,0.15198575873807324,-0.21201910826851303,-0.8218738202516233,0.04981736458210337,0.07615980691898173,0.7429799463367319,-0.5782979120420437,0.20065565109429367,-0.0003255955785073306,-0.2585715946948082,0.1797731943918159,-0.22156136374756458,0.3719740897964856,-0.1197524812906363,-0.31593420326430377
0,-0.19148808041165705,-0.7783684145771415,-2.2292323444872006,3.824695198048048,0.9701425001453324,-0.35561221265209486,0.44326070272454576,1.093158665184756,-1.6464742532694405,-0.16007096144390504,-0.24691238298762214,0.4089659077481637,1.6993147940336084,-0.6850929089466017,-0.1492730645725999,0.37262757580005923,-0.9047499023395251,-0.32426077493869476,0.9310892050588824,0.8800070709049751,-0.9261684011187581,0.8628149360651776,0.845155821156141,0.9446507462907161,-0.7151847600252228,-2.1151990980606787,-3.0634367837674623,-0.15738871533132193,-0.4905658285123921
0,-0.19148808041165705,-0.9847227132455246,-2.438323401329434,3.8857600495336473,-0.2425356250363331,-0.35561221265209486,-0.18620462809300597,-0.5773409722574728,0.48662384186581537,-0.19930404022917586,-0.14139427059974943,0.30914874371295453,2.1009989877707547,0.42674995854276465,-0.2590587896286657,-0.25879045836866954,-0.8936362819550728,0.37311608092260323,0.2578477357543482,-0.34141526638663117,-1.0265863224566871,0.43350777188130896,0.2561594394689629,0.4968277684229149,0.23141740607764955,-0.2584426430442101,1.1261473243329732,-0.08908316096495651,-0.1736283474789334
0,-0.19148808041165705,-0.1510513466252566,-0.2589512319353822,-0.7449911881243138,-0.2425356250363331,-0.35561221265209486,-0.6692826726739178,-0.8421762806324603,0.4172547981215794,-0.19930404022917586,0.9137868532789778,-0.531101242765211,-0.47321890674898065,0.8419976656383187,-0.735455033989243,0.9559788689576398,-0.24314401853809645,-0.10028700077251763,0.6807861371157858,-0.8661977756580727,-0.6596083656629362,-0.9345153025182567,-1.3159572879610835,-0.7905809962869097,-0.4232755136868567,0.22826964902066474,0.7052099932707514,-0.2841929683608541,0.5048417844872854
0,-0.11300935893146972,-0.538997428121817,-0.2750351593847848,0.5475481683208754,-0.2425356250363331,-0.35561221265209486,-1.1230832600075016,1.9284084839058704,0.5039661028018744,-0.19930404022917586,0.17516006656386873,-0.5840354229637118,1.0843008514773342,1.0099099278771626,1.1822507302727532,-1.3742550319990188,-0.6033598469814604,0.08865741895808908,-0.6454923571391632,0.97248820823717,-0.3400381623950736,-0.6760415717912628,-0.9980139144622375,-0.6737019934783824,2.7346827948592902,1.3524209677254597,0.31160943225010607,-0.2869967602999847,1.277216898789155
0,-0.11300935893146972,-1.0012310571389953,-0.4197905064294082,-0.5719741089151152,-0.2425356250363331,-0.35561221265209486,-0.49361792918994984,0.9301830908001484,-3.328673564067163,-0.19930404022917586,-0.8272620011209221,0.4234147656451033,0.9394437975688916,-1.1999861205233466,-1.9802494223480638,0.9160876240411556,-1.0231193948814643,0.3134589940806286,1.9820149497677206,-1.1053541185263056,-1.1554557954898723,-0.3407042961796364,-0.4908163874449273,-0.2083977564408444,1.206706064595923,2.843158899243811,-0.7435125964670183,0.1672335923802404,1.6380396484695843
0,-0.19148808041165705,-0.8774184779379655,-0.8620985112879797,-0.358247128715517,-0.2425356250363331,-0.35561221265209486,-1.2987480034914696,-0.8014323870363084,-0.29377790025683925,-0.19930404022917586,-0.35243049537549487,0.451411700985338,0.5456866093830363,0.9422010742951272,-1.3703048107694886,-0.7750033076462647,-0.9899725294963869,0.8817748014552572,1.5860940501922405,-1.5282683123866199,-1.3592971783493275,-1.904533521648087,-1.4056710331490931,-0.8596336460911668,1.4545937866156964,1.4899378488376616,1.1689447411611154,-0.19730482224308662,1.9014722140514817
0,-0.11300935893146972,-0.7205892109499942,-1.1194413504784213,-0.9383632178287121,-0.2425356250363331,-0.35561221265209486,-1.2328737246849815,-0.8829201742286122,-1.5771052095252047,-0.19930404022917586,-0.668984832539113,0.33330934943263985,-0.510792171361063,0.20189291572809828,-2.2857270527737517,-0.01160702316737513,-1.5023596600650955,1.083751459965571,1.880949274407344,-0.8525682625507089,-1.1890307828292697,-1.147328857256427,-1.273489709332107,-0.8596336460911668,1.3860460564108714,2.1616560762754826,0.12671761902646086,1.221414632223724,0.7719851279309357
0,2.084394842513775,2.201387658194312,-1.5215395367134863,-0.9383632178287121,-0.2425356250363331,-0.35561221265209486,-1.2035962674376535,1.4191098139539715,0.8681535824591131,2.7039437898808663,0.06964195417599602,-1.669036741234305,-2.89080135329636,1.652575431973663,-0.4773710005839444,-1.0027488505037605,1.3533546064239963,0.1761949036255696,0.5897020902103636,2.266974379618281,-0.5692834655907248,-0.9135721420161649,-0.8073815320114919,-0.6869188237402837,-1.399657534968547,-0.21668606998171533,2.1892861031314372,-0.3595875986769873,-0.5484664157729586
0,6.636160688364639,5.80846079891765,-3.1138483542043436,-0.8264109901051131,-0.2425356250363331,-0.35561221265209486,0.25295723061691383,0.6449758356270848,1.7872934120702397,6.391853195696325,-0.7217438887330494,-0.2486721967487564,-3.2305235034404607,1.7326581980312863,1.4292394567838567,-4.177607745270629,2.516240079850302,2.959760898537538,-1.7382668370125063,1.8434383177917923,-0.2836619917457642,1.0907354751596332,1.1662410335695537,-0.3977454491800343,-0.9207593388718427,-1.6403546682158399,1.7671560724097124,1.3208872483620862,-1.0149179806923785
0,-0.19148808041165705,0.022286264256185292,0.07881124450207237,-0.5312642079247155,-0.2425356250363331,-0.35561221265209486,-0.8156699589105577,-0.5365970786613209,1.8219779339423576,0.11456059005299085,1.0193049656668505,-1.0472085327826177,-0.3450858300776902,1.6306141965511356,-0.5556866508938033,-0.3051256078939545,0.27576176243437445,0.28765129487538194,0.5772346938091399,-0.8120894764425164,-1.0077886335616422,-0.49934240867661467,-0.8413111988489866,-0.7980557681736135,-0.8187803865509191,-0.0424668115061196,1.0386971886314282,-0.2935766558426776,-1.5932570768881438
0,-0.19148808041165705,0.6000783005276582,-0.18657355841307052,-0.9383632178287121,-0.2425356250363331,-0.35561221265209486,-0.47165983625445385,-0.5365970786613209,1.0936029746278801,-0.19930404022917586,1.2303411904425958,-1.1318574208863288,-1.5101052994391722,0.9852682019865208,-1.0085669862531101,0.27095590774368566,0.07904315740134904,0.3051475968982553,0.464412162868092,-0.6312606653230438,-0.6007203103392975,-0.2034963346645519,-0.5249413547899079,-0.5505493305825091,-0.8859303791557188,0.16094560391264318,0.34362568733302584,-0.2896389402550726,-0.15899294977002335
0,-0.19148808041165705,-0.7536058987369355,-1.11139938675372,2.745882821802457,-0.2425356250363331,-0.2138210592820411,0.34810896667072977,-0.08841424910364974,0.12243636220857652,-0.19930404022917586,-0.4051895515694312,-0.46667624599348173,1.5029381523821834,-0.6201704239968291,-0.44675524433839586,0.6044137313131733,0.6529556627090786,-0.06210882762590615,-0.2274301532049821,-0.6297484925562888,-0.35875103312002793,0.4101437932685392,0.39180871819371227,-0.3014042637986994,-0.8463485798472971,0.07612744220372489,0.8849995494119434,-0.38840021435296324,-0.7088954227959446
0,-0.19148808041165705,-0.3821681611338458,0.6658745964052672,1.0971318316912708,-0.2425356250363331,-0.35561221265209486,1.0068517547356095,-0.3736215042767132,0.6947309730985233,-0.19930404022917586,0.9137868532789778,-1.116327196279743,1.2312577546211392,-0.5057715191595804,1.2801422765238712,-0.41524707466678756,0.9255726044588557,-0.384037914104032,-1.8459609722928108,-0.2573586039032237,0.9836478370738158,0.3171722994266563,0.11595328950799583,-0.36187910279222535,-0.1722270975522801,-0.35404207530657694,-0.0028196519952683216,-0.570058463837474,-1.263711065740047
0,-0.19148808041165705,-0.563759943962023,-0.5162940711258238,-0.7551686633719137,-0.2425356250363331,-0.35561221265209486,-1.0645283455128456,-0.41436539787286514,-0.4498582486813702,-0.19930404022917586,1.4413774152183414,-0.9196939595640236,-0.3603178257264468,0.7300294287849692,-1.7313572322239739,0.3751984517192491,-0.9229016067658248,0.9920558357236009,1.1224489492846337,-1.1818094870909932,-1.0373094915388268,-0.6931209318375113,-0.5509183259084328,-0.8596336460911668,-0.680439516830588,0.06326962204318143,0.1365981715893972,3.0874646195602002,3.167878888655385
0,-0.19148808041165705,0.3441989701788631,1.1483924198873452,-0.9383632178287121,-0.2425356250363331,-0.35561221265209486,0.3115121451115698,0.5431161016367051,0.6600464512264053,-0.19930404022917586,0.38619629133961414,-0.8420367756248386,-0.8727559865709364,0.4443141353048948,-1.2799996014916843,0.7833932832209026,-1.0071606490924345,0.4434758228533122,1.1666806812826167,-1.3077394336834913,-0.5840841526270826,2.687700612219466,3.145323577053182,3.8767088985356777,-0.7948540966847465,0.3141582948538687,-0.35026744468087023,-0.1809412422253972,1.4118521465065643
0,-0.11300935893146972,-0.9104351657249067,-0.5806297809234342,0.17098158415967854,-0.2425356250363331,-0.35561221265209486,-0.9254604235880377,-1.1477554826035998,0.5733351465461103,-0.19930404022917586,1.5996545838001504,-1.6807706967100464,1.1854498586580315,1.1910488123152576,-0.671277033810159,-0.9196337835712887,-0.19455663969622225,0.9398053666402617,0.509703690655983,-0.991209996388706,-0.7562847109064602,-1.9229305828474672,-1.5457834873752325,-0.8596336460911668,1.7320104829740481,1.5446107449016666,0.7146279602893082,-0.21970164746724433,0.9038277231301891
0,-0.11300935893146972,0.4762657213266283,-0.9103502936361875,-0.9383632178287121,-0.2425356250363331,-0.35561221265209486,-0.9181410592762057,-0.5773409722574728,0.3825702762494614,-0.19930404022917586,-0.1941533267936858,0.6069414484994372,-1.7663251218495777,0.9147666632056529,-1.822982130403351,-0.07487230633534962,-0.5371709981178708,0.870775688532574,1.6783743858242304,-1.6537636875832973,-1.1512910901272115,-0.03658323881684836,-0.3139225309743364,-0.5025003415818428,-0.08461433707446611,1.2533986887863962,0.8589823019431061,-0.2489883200746343,0.7226411218325405
0,-0.19148808041165705,-0.6215391475891703,-0.5162940711258238,0.3948860396068766,-0.2425356250363331,-0.35561221265209486,-0.49361792918994984,-1.1884993761997518,0.6947309730985233,-0.19930404022917586,0.12240101036993237,-1.1986426260287486,0.8213595838611664,0.9538052336506142,1.094819650313436,-1.7152994925725702,0.020876775332308802,2.6977779440455705,-1.4771826210670682,-0.17334558697933897,-0.37995922359084705,-2.136484902787764,-1.6002742798597616,-0.8596336460911668,0.41377135442519264,-1.137518299940868,0.31046665073777696,4.968500818716426,-1.2317772475079474
0,-0.19148808041165705,-0.5472516000685523,-0.7012592367939536,-0.592329059410315,-0.2425356250363331,-0.35561221265209486,-1.2255543603731496,-0.6995726530459286,0.08775184033645854,-0.19930404022917586,2.7075947638728137,-2.1039031342498347,-0.03383662281755413,1.0906234670227954,-0.9720321393759473,0.4947074808998926,-1.01375491158894,0.4276659026690949,0.8448604361741024,-0.19286373588991196,-1.373016329166074,-1.776875199304212,-1.5452795234846954,-0.8596336460911668,-0.319837963623129,-0.18243097756826715,1.5140814351993879,-0.004647352049696655,1.4278389593960439
0,-0.19148808041165705,0.03054043620292062,-1.0551056406808108,-0.6737488613911143,-0.2425356250363331,-0.35561221265209486,-1.3133867321151336,-0.6792007062478527,0.5906774074821692,-0.19930404022917586,2.8131128762606865,-2.4846912023245182,-0.7497781457581145,1.4609744841196106,-0.5766320042008206,-0.3818857004195065,-0.5942454330051878,0.6624759401435788,0.8215103723958852,-1.4051977065189023,-1.0888073904312612,-2.2476350188275327,-1.7677084789066857,-0.8596336460911668,-0.08461433707446611,-0.41274632841542735,0.46517536894034994,-0.2955341113390579,-0.5442207877944245
1,-0.19148808041165705,0.06355712398986192,1.0277629640168258,0.1506266336644787,-0.2425356250363331,0.15483593948009874,0.9336581116172895,-0.5365970786613209,0.7987845387148772,-0.19930404022917586,0.06964195417599602,0.24829511388912873,0.009213306107684595,-0.5832123081793816,1.0619048936162832,-0.06442033123383889,1.9036537168219891,-0.7381177144895422,-2.260459056553073,0.5668631188923013,2.2056329719111463,0.17337133487235265,-0.08862441389870356,-0.2660381725176798,-0.5190868055880953,-0.22574018234495682,-0.17963515891180926,-0.4931380521402328,-0.15752517406786395
1,-0.19148808041165705,0.3441989701788631,1.1323084924379425,-0.6533939108959145,-0.2425356250363331,-0.35561221265209486,0.7360352751978256,-0.49585318506516896,0.9895494090115261,-0.19930404022917586,-0.6162257763451766,0.6166217694037093,-0.7302006693325398,-0.27369370156864853,-0.5892488898260391,0.29035527328983396,1.8361281362852295,-0.16453605703506435,-0.19996154391834475,-0.3278584995543717,1.4412596182003654,0.5692843154689543,0.558006286448974,0.1124265998512451,-1.234142883194124,0.13147085735536918,0.2626892879984495,-0.3809158343170001,0.03683006994286509
1,-0.19148808041165705,0.19562387513762716,1.1081826012638387,-0.19540752475391837,-0.2425356250363331,5.599616228890165,-0.16424653515751,0.4616283144444012,-0.9180992939549629,-0.19930404022917586,-0.5634667201512403,0.7153332511976664,-0.29511850959884245,-1.6202019691206304,-0.00613626300372366,-0.5114076805217782,0.9149409267441221,-0.2852465578095977,-0.3307475990832794,-0.26110272889169434,0.7313045853451454,0.9280755151645541,0.8889567053825239,0.3374711726098911,-0.6918910199942174,0.15378344801265992,0.18225477418404243,-0.4863317971625399,-0.11015368295168229
1,-0.19148808041165705,0.15435301540395052,1.277063839482566,-0.002035495049520012,-0.2425356250363331,-0.35561221265209486,1.1459196766604174,-0.027298408709421858,0.6427041902903463,-0.19930404022917586,-1.407611619254222,1.7493345519304657,0.13306741210817827,-0.29373031279815337,0.7735826806457777,0.7986380834053599,0.11765954799947903,-1.6460313772349957,-0.5562190368047022,1.577282940011305,0.40082495481089975,1.425651291991906,1.5656284623012071,0.4396410576048391,-0.30816521223048865,0.08233509641838618,-0.10468068219657496,-0.2774327625328794,-1.4154701931982612
1,-0.19148808041165705,0.022286264256185292,0.874965653247501,0.02849693069327973,-0.2425356250363331,-0.35561221265209486,0.6994384536386656,-0.41436539787286514,0.7467577559067002,0.23225982640880338,-1.1438163382845403,1.3246859025720525,-0.039006606900854716,0.3848340600794129,0.47753100896333983,-0.2799386897749011,0.9075013150227076,-0.470313324563464,-1.1850738387531865,-1.2402974054878855,1.89970061212115,0.9249299935430362,0.9044936411114165,0.7331809280676239,-0.6344482047721273,0.007817446445920532,-0.8250875143245932,0.8929742047258152,0.06206499253291172
1,-0.19148808041165705,0.39372400185927503,0.32811211996781264,-0.9383632178287121,3.395498750508663,-0.35561221265209486,0.0846118514447779,-0.2106459298921055,0.22648992782493046,-0.19930404022917586,-0.8272620011209221,1.355274424654578,-1.2185866803969836,0.22616486679346626,-0.8402926250842411,0.9453079786476083,-0.2691320127507452,1.8932222638187688,1.8434637935354332,0.1695499630296926,-0.05235586737190574,1.1166282064485253,1.1624714806858676,0.5475153906113936,2.0847906610794107,-3.4101309138584277,-1.1202386023193047,-0.05231056846150132,0.8934991957795974
1,-0.19148808041165705,-0.027238767424226675,1.1483924198873452,0.46612836634007604,-0.2425356250363331,2.026479163964809,0.7067578179504976,-0.4347373446709411,0.7120732340345822,-0.19930404022917586,-0.9327801135087949,1.0340168500667188,0.09211343895369359,-0.8271732703472956,0.6703598907847196,-2.157404864839115,1.3582037859710439,1.557917253786623,-1.634042527019206,0.45493406545079657,1.309142214679731,0.9302560503735884,0.9278923713511511,0.5247306195852716,-0.6244777368444102,-0.6747745737926163,0.3323481289267264,2.2312977099184064,-1.450753459251387
1,-0.19148808041165705,-0.37391398918711044,0.5452451405347477,0.0793843069312793,-0.2425356250363331,-0.35561221265209486,0.5384124387783618,0.033817431684806026,-0.5192272924256062,-0.19930404022917586,0.49171440372748687,0.24481765889654916,0.261896879568299,-0.5789096989088731,-0.4426383490408406,-0.3197559448891955,-0.22318309885966672,0.7812664140466132,-0.16866540094855753,-0.872254562930275,0.210119070513854,0.7103894857577577,0.7063214147164347,-0.18184026709090192,-0.3058365572809468,-0.32559191865934484,-0.7770753521057937,-0.4705941336129944,1.9425985134891777
1,-0.19148808041165705,0.37721565796580436,0.7060844150287737,-0.8365884653527129,-0.2425356250363331,-0.35561221265209486,0.5457318030901938,-0.12915814269980166,-0.0336439862159544,-0.19930404022917586,-1.2493344506724129,1.3450611027426496,-1.0419821331862442,-0.37894249026002,-0.7597839054139809,0.27665224611678724,-0.2371334028717404,0.19435362400778575,0.17648919237078237,-0.6859336483369439,0.006350695106844418,1.5200760476613775,1.649177007046779,1.8961008022530121,-0.7905369273962702,-0.12545972346913287,-0.5563204960864082,0.053989494062624634,0.49022782161129985
1,-0.19148808041165705,0.2946739384984511,1.2529379483084622,0.018319455445679818,-0.2425356250363331,-0.35561221265209486,1.5484847138111772,-0.027298408709421858,-0.0336439862159544,-0.19930404022917586,-0.8800210573148585,1.7128107646168622,-0.1243850973419395,-1.153869164121632,1.235899063102494,1.3829163431974447,0.3832462328873641,-1.918041186842356,-1.5693854158467673,-0.1604090664906981,0.8769213926101473,1.361426370746673,1.4645539115393795,1.0820530808901703,-0.008494863455031889,0.007485749895781645,-0.7614170941113191,-0.5278726764619724,-1.4854768678826535
1,-0.19148808041165705,-0.01073042353075602,0.6578326326805659,-0.4294894554487164,-0.2425356250363331,-0.35561221265209486,0.5603705317138578,-0.6384568126517007,0.13977862314463552,-0.19930404022917586,-0.4579486077633676,0.9449999498256824,-0.16536529636661101,-0.45799489987114794,-0.07049196516186765,1.4192424128739505,0.5379281903820963,-1.0163126814126764,-0.5415937395074989,-0.5852696828649359,0.768728132345787,0.6917694882833231,0.6463747043020756,0.8749301106175055,-0.6888126589287258,0.18238806315832837,-0.6478351631000441,-0.38624617005022244,0.5864416416648118
1,-0.19148808041165705,-0.08501797105137397,0.6256647777817608,-0.4396669306963163,3.395498750508663,-0.35561221265209486,0.37006705960622577,2.23398768587701,-2.0973730376069746,-0.08160480387336334,-1.4603706754481585,1.7358888667310322,-0.42811639667131424,-0.6358145754457382,-0.8146777555880039,-0.07487958509641385,-0.9436108802471903,1.9888630882951424,1.9280107571551215,1.0315937119010423,-0.8264234693250546,1.6508593326619236,1.8749962769884998,3.22159926938082,-0.4838123284245069,-3.1172845125668243,-3.8586048166076026,-0.0006268506499390363,-0.6299177601795084
1,-0.19148808041165705,-0.1262888307850506,1.0358049277415269,-0.5516191584199154,-0.2425356250363331,3.5578236203613898,-0.19352399240483797,0.6653477824251608,-1.2129177298679659,-0.19930404022917586,-0.08863521440581307,0.6619990689111964,-0.2016332940135783,-1.3534539002076655,-1.0007276949366408,0.16136871847249626,0.599621391305191,0.11915665399290275,0.6272682259654062,-1.153823978624833,0.04932879523033733,0.7061080813284695,0.5791525227146826,-0.09508265405516504,-1.061679142986423,0.2917714938605876,-0.018470388021825608,-0.3183911347537113,0.432440532753334
1,-0.19148808041165705,0.005777920362714636,0.794546016000488,-0.2870048019823176,-0.2425356250363331,0.3249853235241633,0.8311870112516416,-0.5569690254593969,-0.41517372680925224,-0.19930404022917586,-0.7745029449269857,1.1204228669874474,-0.177265151432441,-1.1590362863853774,0.1852881344452368,0.8761303046495365,0.664979276867112,-1.1789734491690944,-0.5584626486820127,-0.12222838159237671,1.1722918497498314,0.4362369744646848,0.3028153808981914,-0.159298080406663,-0.6354125179967245,0.34362159355729577,-0.4675995913651515,-0.3317819048544032,0.3477137417346635
1,-0.19148808041165705,0.06355712398986192,0.6578326326805659,-0.6432164356483147,-0.2425356250363331,-0.35561221265209486,0.40666388116538577,-0.3125056638824853,0.01838279659222257,-0.19930404022917586,-0.1941533267936858,0.5240599239122438,-0.5517842174640153,-0.4494445697077084,-0.6233696334725359,0.8819041673366483,0.44992761867605685,-0.33638785426700096,0.09627252674337985,-0.6575047018258934,0.4332540758377294,0.2845824853390096,0.09795295212960667,-0.40562474525398357,-0.7812289879374271,0.4013503640810171,-0.4507857596939018,-0.37310683710619236,0.6778913149242841
1,-0.19148808041165705,-0.31613478555996316,0.7221683424781763,-0.16487509901111863,-0.2425356250363331,-0.2138210592820411,0.7433546395096576,-0.49585318506516896,-0.5539118142977242,-0.19930404022917586,-0.4579486077633676,0.3742234546709629,0.24523852528865683,-1.0699777096731782,-0.5667625629992974,0.4527870906674958,0.4773730959125192,-0.3183378052506313,0.17628447161106525,-0.47634790190361165,0.814015273535447,0.5087201749017053,0.3568737599210869,0.15108291093568568,-0.8204693011297075,0.37902861281011513,-0.4469928193695258,-0.3829960386615145,0.6090625353444062
1,-0.19148808041165705,-0.3656598172403751,0.8106299434498906,0.04885188118847956,-0.2425356250363331,-0.35561221265209486,0.9263387473054575,-0.2717617702863334,-0.6406231189780192,-0.19930404022917586,-0.4051895515694312,1.1752015712729298,0.8600534207101493,-0.8796884590399228,-0.19765273839294384,1.5079222060998008,0.7004148950046003,-1.1005691309462327,-0.41447913406189063,0.8778102597828376,2.112963554990382,0.7999096433760307,0.8634176840521137,0.1756049792537606,-0.8468453532314496,0.3653958158690911,-1.776010054075733,-0.6797540645399436,0.4181582994345124
1,-0.19148808041165705,-0.32438895750669844,1.3011897306566698,0.10991673267407905,-0.2425356250363331,-0.35561221265209486,0.9263387473054575,-0.39399345107478917,0.7120732340345822,-0.19930404022917586,-0.7217438887330494,1.3086281876206916,0.5190082676257279,-0.5978995579434936,-0.527659141095601,0.41706813583034047,1.0020150799909313,0.06793399718825373,0.1276405311830475,-0.24872960396338695,0.7332048296129353,0.8013346366269553,0.8879915918595704,1.1041102323988112,-0.8716997100196295,0.015534567086766692,-0.16940752269175702,-0.4785376119393804,-1.2107797872457968
1,-0.19148808041165705,-0.1840680344121979,0.5291612130853451,0.008141980198079903,-0.2425356250363331,-0.35561221265209486,0.8751031971226336,-0.5977129190555488,-0.5365695533616651,-0.19930404022917586,-0.4579486077633676,0.5385240569939086,0.2507479248574462,-0.8085245006128412,-0.26392505490827506,-0.26198950755604294,0.17677395192465517,0.4359492276801576,-0.3191026902022502,-0.29354996117634224,1.2076669993223244,1.0791055257330162,1.1699433069047644,1.9740944940913447,-0.8081953489998307,-0.407913279037609,-0.8723122614509276,1.6214450623589804,0.541673972395785
1,-0.19148808041165705,-0.5967766317489642,0.9473433267698127,0.059029356436079476,-0.2425356250363331,2.6503602387930454,-0.025178613232702055,-0.8421762806324603,0.08775184033645854,-0.19930404022917586,-0.6162257763451766,1.176938885562461,0.8561829688439279,-1.0801152872158513,-0.9329385708574423,0.339599282484225,1.4794202692238836,0.21349580032916465,0.2645355881297569,0.12135052285384527,1.216163671648134,0.42603330322429517,0.4574518340148568,0.5182335780809225,-1.2487157288406079,0.20621434586016882,0.020715274068640262,-0.1276342918862691,-2.0379727005158497
1,-0.19148808041165705,0.13784467151047988,0.35223801114191655,-0.06310034653511949,-0.2425356250363331,-0.35561221265209486,0.9263387473054575,-0.8218043338343843,-0.29377790025683925,-0.19930404022917586,-0.668984832539113,0.8614764593169351,-0.27251309576340227,-0.6360461528187256,0.6627825346431864,0.22112999290873467,-0.2537307694289735,-0.4747065521496056,-0.5091611649241128,0.19132309768295122,0.7115346680692646,0.5068852872891532,0.5297885267324117,0.18393446487136972,0.02218259681831779,-0.06188590300928808,-1.1440266503436565,-0.222203920133061,-0.7913082725651052
1,-0.19148808041165705,-0.34915147334690444,1.092098673814436,0.13027168316927887,-0.2425356250363331,1.289165166440529,0.6335641748321776,0.033817431684806026,-0.4325159877453112,-0.19930404022917586,0.38619629133961414,0.4227910646006434,0.555379823025143,-1.2407439277070962,-0.1499929770346213,-0.002551632723697436,0.5804550321369046,-0.24303534330535642,-0.07843352018764155,-0.7263393300546519,0.5197808803093273,0.5933164604392361,0.5165547028196581,-0.08222964467768513,-0.3298824507816511,-0.020170235962563256,-0.36020432252971735,-0.5396366210281938,-1.0755014945406542
1,-0.19148808041165705,-0.3821681611338458,0.30398622879370873,0.7612751485204735,-0.2425356250363331,-0.35561221265209486,0.8092289183161456,-0.3736215042767132,-0.18972433464048533,-0.19930404022917586,-0.1941533267936858,0.10967865569328672,1.0696340379868408,-0.4368746526972346,0.8681885063357109,-0.010971596372492507,-0.5562804370095877,-0.471230679797559,-0.7318035966059332,-0.30620249080466566,0.19194010312193496,0.6292625255380776,0.5735037824425536,0.11555887949151374,0.2446466418375054,-0.2287232030207923,-0.7053390472388239,-0.32624669440093784,0.3827367276737071
1,-0.19148808041165705,-0.2501014099860805,0.5854549591582542,0.24222391089287792,-0.2425356250363331,2.3951361627269487,0.3334702380470658,-0.6384568126517007,-0.5192272924256062,-0.19930404022917586,0.7555096846971687,0.1362026953860658,0.4984693974365848,-1.3905385344039496,0.339583715259634,0.15373387715745526,0.9329297575251323,-0.2879303913160565,-1.1910224276323778,0.35525373873416466,1.5280117730632585,0.0915440849125878,-0.052343442841224795,-0.37203738329982655,-0.7185010834353438,-0.11674032304226285,-0.39885861580813237,-0.5940491175939158,-0.8598655442612734
1,-0.19148808041165705,-0.22533889414587455,0.5854549591582542,-0.04274539603991967,-0.2425356250363331,-0.35561221265209486,0.6262448105203456,-0.6995726530459286,0.08775184033645854,-0.19930404022917586,-0.03587615821187671,0.539122909834116,0.321500486352398,-0.35193904688009714,0.16756375863348205,0.07548128679885385,-0.2281467468759245,-0.5988371254955012,0.04887947953638225,0.34066063990690026,0.033802080681095595,0.7226092204884095,0.6200542700340468,0.5900691611516118,-0.2505310022293266,0.1622018694872264,0.2189772887105851,-0.20573042343475448,-0.7148711480033801
0,2.398309728434524,2.6471129433180196,-0.8138467289397718,-0.9383632178287121,-0.2425356250363331,-0.35561221265209486,-0.8449474161578857,2.4377071538577697,2.4809838495125995,0.8992221657584077,0.5444734599214233,-0.7912031811226785,-2.6413914630421402,1.5948711379000038,-0.18901461179667342,-0.15931583581549125,-0.08362197926047064,0.4978106627706127,-0.008448995024828848,0.48765018530679644,-0.5499002286736097,1.1303693045778198,1.2388774260939523,0.16851507247651354,-0.4885853478863006,-0.3314323011612984,0.25381965916014576,-0.01746910717934863,-0.21564776495514787
0,-0.19148808041165705,2.1931334862475764,-1.2079029514501356,-0.9383632178287121,-0.2425356250363331,-0.35561221265209486,-1.6939936763303973,2.7636583026269848,1.197656540244234,2.3508460808134286,0.3334372351456778,-0.9801519597628178,-2.54479829125957,1.9544811745079085,-1.7247982469049497,-0.37455275424096995,0.14724578685891723,1.054255301214864,1.3461110322800498,-0.3143799698686596,-0.7158084003137523,0.6627350901788218,0.7807998748783935,0.3364010601378819,-1.3691304544024196,-0.23306280805370116,0.6471496857507112,0.005606943003152232,0.7011623985359199
0,-0.19148808041165705,-0.48121822449466967,-0.07398606626725232,-0.5617966336675153,-0.2425356250363331,-0.35561221265209486,-2.850453237599853,4.311926259280758,1.214998801180293,-0.19930404022917586,0.808268740891105,-0.8661293279382568,-0.11120797691270236,1.9894818405393235,-1.167718320374305,-0.056077691972016015,-0.8967479604917898,0.7275081189662633,1.0245614363321311,-1.3220067016964998,-1.1075927804900385,0.2626370753006499,-0.010036628587875566,0.24361448523601414,-0.24219728845442517,-0.27348441254659467,0.914314916307771,-0.2856705741187698,0.49570033859817586
0,-0.19148808041165705,-0.6545558353761116,0.7302103062028776,-0.30735975247751746,-0.2425356250363331,-0.35561221265209486,-0.5375341150609418,-0.41436539787286514,1.561844019901473,-0.19930404022917586,0.5972325161153595,-0.7635320159430468,0.437577490643968,1.1589881553596857,-1.6484395584323106,0.20344544670078793,0.4813313417032907,0.8516683918457363,0.8921193250764221,0.7538032754957317,-0.7261598785464126,0.6297225323765185,0.4915153217724377,-0.02025835712790103,-1.559429138451005,-0.08210819006129545,1.4271714279822507,0.6675680164556179,-0.3297719189765257
0,-0.19148808041165705,-0.01073042353075602,-0.5645458534740316,-0.7551686633719137,-0.2425356250363331,-0.35561221265209486,-0.7790731373513977,0.5634880484347811,-0.900757033018904,-0.19930404022917586,-0.1941533267936858,-0.06075566333627807,-0.9146591329773384,0.42460371699863575,-0.9375414824101483,0.5655252815462689,-1.7807088705871357,0.7067761658288995,1.0577310551447612,-0.25852394453334726,-1.6298134027899582,-0.3762790149759375,-0.6757953896546836,-0.3603932903867121,0.5075805293244208,-0.19070899700078864,0.03464334806344887,1.0420770985663321,0.7128607137810166
0,-0.19148808041165705,-0.4234390208675224,-0.057902138817849724,0.24222391089287792,-0.2425356250363331,-0.35561221265209486,-0.48629856487811784,-0.14953008949787763,0.9375226262033491,-0.19930404022917586,0.2279191227578051,-0.40940567707816583,0.7021837488459779,1.2084526291485296,0.4275366216621619,1.0931885503482215,-0.8259653916191854,0.28706500634504206,-0.6052207170227091,-0.40203674238120873,-0.570158586406718,-0.24209707609920053,-0.5235111898425417,-0.5537153655380077,0.8120730621624695,-0.3939888252350323,-1.1985638249438229,2.7242779087997793,-0.21708542982058007
0,-0.19148808041165705,-0.5720141159087583,0.9393013630451114,0.2218689603976781,-0.2425356250363331,-0.35561221265209486,-0.09105289203919002,-0.8625482274305363,-0.15503981276836734,5.607191619990908,1.6524136399940867,-1.1028571463278392,0.5906852898426839,1.5917589702762298,-0.7473019226953354,-0.3435516891877048,2.511972446772486,1.1592000798443878,-0.7791436026530214,-0.7086059044109684,1.7060893204912342,-0.43681231709591684,-0.45929359899990296,-0.2117091150375867,-1.2206203327293679,-0.2623968744428336,-0.14130188926280596,3.3179846099026045,-0.8767143436462145
0,-0.11300935893146972,1.0623119295448367,-1.947763614122655,-0.9383632178287121,-0.2425356250363331,-0.35561221265209486,-3.0041598881483247,3.1507252917904283,-1.4036826001646148,5.567958541205637,0.43895534753355053,0.17725900226273716,-2.449718540524616,2.8957372701443442,-1.099444183051914,-1.0751202746545454,-0.06742981460670085,0.9731972520277709,1.42150947636092,-1.262365237049105,-0.5714286088535063,-1.577096670746388,-0.8804766487300391,-0.8596336460911668,0.30057258752034804,1.222615634521789,1.0637019186732506,-0.019581501932662827,-2.2427942672316847
0,-0.19148808041165705,0.2616572507115098,0.11902106312557886,-0.6737488613911143,-0.2425356250363331,-0.35561221265209486,-0.4204242860716299,-0.475481238267093,1.249683323052411,-0.04237172508809251,0.12240101036993237,-0.842145579957983,-0.9315264498215685,1.169194152385053,-0.9968078400418787,0.5724334968576672,0.3295228439369564,0.8432744096784407,0.5183972357270651,-1.1465612801925076,-0.0790379234482931,0.1040105272213978,-0.038594160569621005,-0.2593266723922457,-0.8722626815458924,-0.5057633733033045,-0.34648832832596843,-0.22015744605744847,-0.32286173712421745
0,-0.19148808041165705,-0.4564557086544637,-1.3928681171182653,-0.6126840099055149,-0.2425356250363331,-0.35561221265209486,-1.0132927953300217,-1.4533346845747392,-1.108864164251612,-0.19930404022917586,2.1800042019334502,-2.6983973908620413,-0.19879522483558124,-0.1463476929736635,-0.03175590344445461,1.0995960632052981,-0.7088003648359387,-0.9051105545268537,0.23231337569202792,-0.01972755398750054,-0.9780427670695493,-4.406529347490242,-2.047118954188405,-0.8596336460911668,0.16821105744722642,0.3754926853528347,0.4252724819161587,-0.5611878430763164,2.488322214801163
0,-0.11300935893146972,-0.538997428121817,-1.513497572988785,-0.7653461386195136,-0.2425356250363331,-0.35561221265209486,-1.2694705462441416,-1.595938312161271,-1.0568373814434349,-0.19930404022917586,2.443799482903132,-2.2159722423255,-0.44856474631700827,0.138856689003675,-1.4672482246649101,-0.724953625494678,-0.48368669968463973,0.9099814546014887,1.503642029935917,-1.792600332426099,-1.1503797223822823,-4.016074772060391,-2.0095298019103605,-0.8596336460911668,0.7183403881194281,1.5518603406145963,0.5502932247155681,-0.17880904927077107,0.9072777105246946
0,-0.19148808041165705,-0.37391398918711044,0.22356659154669575,0.3745310891116768,-0.2425356250363331,-0.35561221265209486,-0.4057855574479659,-0.2717617702863334,1.7872934120702397,-0.19930404022917586,1.5996545838001504,-1.5420212079281193,0.8116755503123827,1.0634012564483162,1.124588895980458,-0.09388861540098796,0.5670374907656073,-1.4587453035041382,-0.63271794839705,2.050313226224041,-0.5188486314339199,-1.6257314719614426,-1.120559710217674,-0.6879530447663694,-0.039466945195592205,-0.01977465278476606,1.5401503947829285,-0.5538520228768644,-0.5800940221061376
0,-0.11300935893146972,-0.3408973014001691,-0.7414690554174602,-0.4193119802011165,-0.2425356250363331,-0.35561221265209486,-1.3426641893624616,0.9709269843963002,-0.39783146587319324,-0.19930404022917586,1.5996545838001504,-0.7955337796065707,0.14789486997332252,0.8387304879814239,0.29325079257156367,0.5027651489557353,-0.8503104474244246,-1.609539114734739,1.029099696445143,1.0910110106320294,-0.45574659032475184,-1.7137199866986497,-1.7356668048530848,-0.7107724834135385,2.7011469544145523,2.226962022908823,0.6941910331952512,-0.44971949676304,0.9982308101547506
0,-0.19148808041165705,-1.0507560888194072,-2.0442671788190707,2.827302623783256,-0.2425356250363331,-0.35561221265209486,-3.0041598881483247,4.637877408049973,0.3478857543773434,2.7039437898808663,-0.35243049537549487,0.30723358381083826,1.8111016682902152,2.761789053288007,-1.1704241579542407,0.6683593108032896,-1.4763564041038522,0.4971064559671925,0.9987099702549912,0.018330791551009258,-0.9317916257406665,0.8119584817113957,0.9465600206147292,-0.5240687864402562,-0.2998575783564471,0.03755892268260324,-0.5427306795192106,0.23994989269222355,1.8661802719945528
0,-0.19148808041165705,-1.0094852290857306,-1.3928681171182653,2.1047018812036624,-0.2425356250363331,-0.35561221265209486,-3.0041598881483247,3.9859751105115424,0.29585897156916646,4.665597729144408,0.49171440372748687,-0.10817982567757264,1.6292353584338504,3.4631610588883373,-1.1513931759003362,0.12962835418365223,-1.7759630282683163,0.6635045318079471,1.1253997812735737,-0.24462328723529816,-1.3232658432688862,1.1691666411138133,1.2135442506548013,-0.3338076753159715,0.07569161959689684,-0.18339106112124298,0.325347889284816,-0.008592033671096636,1.7073813329801542
0,-0.19148808041165705,-0.943451853511848,-2.888673369912707,4.1707293564664445,-0.2425356250363331,-0.35561221265209486,-0.3033144570823179,-0.6588287594497767,0.43459705905763835,-0.19930404022917586,0.43895534753355053,-1.4462027154768757,2.1757714165836353,0.4223549366286506,-0.05432171205704511,0.3990359853201919,0.047188882420266004,0.26987105324580085,-0.6886970720587364,0.035620805109822525,-0.4298515619570473,-0.7898547162463078,-1.1570080365156388,-0.7325473875286171,-0.03375865426837846,-0.11357116016465997,0.41054032086964953,0.47170001127614386,-0.0006196452951242672
0,-0.19148808041165705,-0.5059807403348757,-0.9907699308832004,-0.05292287128751958,-0.2425356250363331,-0.35561221265209486,-0.5741309366201018,-1.5348224717670431,-0.3631469440010752,-0.19930404022917586,2.0217270333516413,-2.4605340752993197,0.4315261956069617,0.12856469702284506,0.2502420140405689,-1.4285809815732753,0.23734285004726963,1.2142942705626205,0.2803669664550602,-0.8845340467953459,-0.10786711524616625,-3.446733431162693,-2.041498660089005,-0.8596336460911668,-0.03375865426837846,-0.9093762152152252,0.6672591104008783,-0.30200475014117734,-0.5779974913048612
0,-0.11300935893146972,-0.10152631494484463,2.0008405747056828,-0.14452014851591882,-0.2425356250363331,-0.35561221265209486,0.21636040905775386,0.013445484886730065,1.3537368886687648,4.900996201856033,-2.3045155745511403,3.1818135096060547,0.1381874503130028,1.393647646148141,-0.4099912717421664,-0.362771610440795,2.701012683585224,-0.03448410815297517,-0.7123825626936255,1.287411995053281,-0.05099325240264583,0.5382942458334277,0.5835739912232483,-0.26175331686008735,0.7198301000400099,1.5948898616226281,1.7671581325261285,-0.4746249007467656,-0.5560916024092464
0,-0.19148808041165705,0.7073825358352175,-1.7386725572804214,-0.9383632178287121,-0.2425356250363331,-0.35561221265209486,-2.660149765492221,2.9266338770115925,0.2091476668888715,-0.19930404022917586,2.443799482903132,-2.9684840645893287,-2.1241090422770585,1.6231996457959976,-1.1183294877418317,-1.3657913299347972,-1.7748411865284504,1.1809784667452918,1.9919063174041702,-1.1156638788001982,-1.6013478975124211,-1.3317247828354921,-1.319164982797316,-0.5373103045876205,-0.20644686414470162,-0.8376152999185347,1.2183278657730148,-0.3787835680357024,1.562475227819783
0,-0.19148808041165705,0.12959049956374455,1.389651331628384,0.3643536138640769,-0.2425356250363331,1.9130462412687659,0.36274769529439377,-0.14953008949787763,2.0300850651750655,-0.19930404022917586,-1.9352021811935856,3.192518097127806,0.15814945436329333,-0.0031011679314288127,0.7498862880931964,-2.817098169927499,2.855351856231716,1.6660379036184807,-2.127094466133532,0.48157145884873015,1.2379461616831928,0.33962782878027037,0.10461215107491534,-0.49206107088259776,-0.8382696974389179,-1.0232380450619525,1.2264142358298484,2.5528011409832922,-0.5611629818085364
0,-0.19148808041165705,-0.17581386246546257,-0.2106994495871744,-0.002035495049520012,-0.2425356250363331,-0.35561221265209486,-2.301500914212453,3.619280068146175,0.9375226262033491,1.7623498990343662,2.6548357076788776,-2.268989471692268,0.10180297517857693,1.9798072825505344,0.2191236044088638,-1.365248936541228,0.10884390812198316,1.3012463802764158,0.09173039791443743,-1.9909918859106541,-0.4636344353216328,-0.8842165100859367,-0.8276316215641258,-0.7351950102664314,-0.04297250738854034,-0.7240427271305448,-0.3712973318527448,-0.2830077893689832,-0.1220704293513423
0,-0.11300935893146972,0.12959049956374455,-0.04986017509314842,-0.30735975247751746,-0.2425356250363331,-0.35561221265209486,-1.0352508882655176,0.9505550375982242,1.214998801180293,0.5853575354762409,1.5996545838001504,-2.1568749506998324,-0.44186543677508094,1.4020238981665538,0.555858973702655,-0.33744472760185323,0.23956280838934085,-0.6414955502555256,-0.6134998341567388,0.3991883259857893,-0.18525043348868783,-0.7897108034923821,-0.9987749748091732,-0.6795415517563543,0.7676733744578711,1.188604054455279,0.1819572815147942,-0.3190694064653246,-0.32286173712421745
0,-0.19148808041165705,-0.11803465883831528,-0.4760842525023173,-0.4294894554487164,-0.2425356250363331,-0.35561221265209486,-1.0425702525773497,-0.9440360146228401,0.7814422777788183,1.4877183475374702,1.546895527606214,-1.60768876359326,-0.31892715970005847,1.8402520084781235,-0.19557596440204697,-0.043085930993936705,0.6839266681287915,0.1406658074414144,-0.3837771264549329,-0.985993259300417,-0.8094321459775444,-2.231890064093354,-1.5681773479951875,-0.7913701686328383,-0.4188010952587241,-0.2662459172164236,1.0193081198565177,-0.29589575848302296,-1.1332382584352982
0,-0.11300935893146972,-0.4316931928142577,-0.2509092682106809,0.354176138616477,-0.2425356250363331,-0.35561221265209486,0.22367977336958583,-0.5162251318632449,-0.6579653799140781,-0.19930404022917586,1.0720640218607869,-1.2399159454462485,0.8297771846083201,-0.9058660638835585,2.0269549479806646,-1.9449382751423265,0.8240387196522448,1.1846694071326713,-1.5656247327817818,-1.3417633422633213,0.2153132662124966,-2.4841980327693456,-1.7675307100997235,-0.8596336460911668,3.0028783884159846,1.119712162936371,0.07660360095966373,-0.4880439749426665,-1.5491214800138056
0,-0.19148808041165705,-0.1593055185719919,-2.213148417037798,5.676995693111231,-0.2425356250363331,-0.35561221265209486,1.8558980149081212,-0.4347373446709411,0.7987845387148772,-0.19930404022917586,-0.5107076639573039,0.43159354517561616,1.762362613997249,-0.24194466499270248,3.6863133015368175,-1.2875238501024517,-0.39810348830698533,-4.041206857672055,-1.4864697547638464,-0.16005381251408105,0.6992453013137636,1.2701625559223544,1.2560001766347084,4.1889535303999565,1.029125116378852,0.5056998775412028,-0.7909580883380963,-0.6514649279719901,-1.767345176015648
